{"count":1,"self":125.28231679999999,"total":125.726889,"children":{"InitializeActuators":{"count":1,"self":0.001357,"total":0.001357,"children":null},"InitializeSensors":{"count":1,"self":0.002101,"total":0.002101,"children":null},"AgentSendState":{"count":6245,"self":0.34599599999999997,"total":0.40480499999999997,"children":{"CollectObservations":{"count":6245,"self":0.015614999999999999,"total":0.015614999999999999,"children":null},"WriteActionMask":{"count":6245,"self":0.009009,"total":0.009009,"children":null},"RequestDecision":{"count":6245,"self":0.021776999999999998,"total":0.034185,"children":{"RayPerceptionSensor.Perceive":{"count":6245,"self":0.012407999999999999,"total":0.012407999999999999,"children":null}}}}},"DecideAction":{"count":6245,"self":0.024267999999999998,"total":0.024267999999999998,"children":null},"AgentAct":{"count":6245,"self":0.011016999999999999,"total":0.011016999999999999,"children":null},"RayPerceptionSensor.Perceive":{"count":4,"self":1.4999999999999999E-05,"total":1.4999999999999999E-05,"children":null}},"gauges":{"VehicleAI.CumulativeReward":{"count":4,"max":49.5,"min":0.5,"runningAverage":14.75,"value":0.5,"weightedAverage":10.765625}},"metadata":{"timer_format_version":"0.1.0","start_time_seconds":"1645183560","unity_version":"2020.3.25f1","command_line_arguments":"\/home\/gecovin\/Unity\/Hub\/Editor\/2020.3.25f1\/Editor\/Unity -projectpath \/home\/gecovin\/Development\/Death_Race -useHub -hubIPC -cloudEnvironment production -hubSessionId 0eb92bb0-90a6-11ec-9ffb-2783e1cc5416 -accessToken b57RfY2q8vF-e7Wwr3Uef5aBHI_mgtIkRALAYyGAbfU008f","communication_protocol_version":"1.5.0","com.unity.ml-agents_version":"2.0.1","scene_name":"GhostMode 1","end_time_seconds":"1645183686"}}